month,temp_value
January,2.6394267984578836
February,3.5375161328340003
March,4.550058636738239
April,7.558026845372057
May,14.472942428328025
June,16.176699487422912
July,18.78435913540969
August,17.673877665258832
September,14.84384363937054
October,9.059594438876141
November,6.65591392441081
December,4.0107105762067246
