method,best_cost,infiltration,occupant_dens,heating_sp,cooling_sp
random,1.7623446015943613,0.5559364639934693,25.67456417328979,20.105720243067413,25.376147631855503
ga,0.5250107756794364,1.164025766554911,25.516890303667694,21.041501433800565,25.56825561353812
bayesian,13.160012295411189,0.5,25.003506481311582,24.0,24.0
