scenario_index,mismatch_value
0,3065.201393204781
1,2291.8258917649837
2,4180.744779074815
3,2083.329005048297
4,2755.8856828225444
